id;identity_path;status;deposit_amount;payment_method;arrival_date;departure_date;room_type;smooking;adults;children;notes
1;Tunisia Ergonomic PNG;COMPLETED;92667;CCARD;2023-04-28T23:24:56;2023-04-29T07:13:21;infrastructures online parse;false;48474;6930;Visionary
2;Money card solution;COMPLETED;34895;CCARD;2023-04-29T01:43:58;2023-04-29T01:29:15;Games action-items Sleek;true;4158;69871;Usability
3;Berkshire Lira;CANCELLED;36983;BCHECK;2023-04-29T08:22:05;2023-04-28T12:00:51;Home Compatible Credit;true;34662;52183;Berkshire Ridges
4;orchid Chief;CANCELLED;23201;CCARD;2023-04-29T05:52:22;2023-04-29T01:47:52;wireless;true;25827;11779;Missouri Barthelemy Loan
5;SMTP Central;CONFIRMED;84878;EWALLET;2023-04-28T22:05:07;2023-04-29T10:06:06;Games withdrawal quantifying;false;39684;56827;SAS
6;Refined dynamic B2C;COMPLETED;13352;CASH;2023-04-28T20:44:44;2023-04-28T15:48:53;hack;true;16358;92675;SMS engineer protocol
7;foreground Agent;CANCELLED;11215;EWALLET;2023-04-28T22:34:34;2023-04-28T15:38:04;Division;false;28813;18248;enable Freeway
8;edge;CANCELLED;66419;BCHECK;2023-04-29T00:45:08;2023-04-28T11:19:27;THX driver hack;true;37505;61518;backing
9;payment;CANCELLED;25494;EWALLET;2023-04-28T12:39:33;2023-04-29T10:46:08;SCSI withdrawal;true;94967;20931;Table Cambridgeshire
10;program GB;CANCELLED;95349;CASH;2023-04-29T01:21:10;2023-04-28T19:15:53;haptic attitude-oriented;false;17407;45677;discrete Accounts
