id;request_date;request_thru_date;status_request;rejectt_reason;request_description;object_number;guest;quantity;total_price
1;2023-04-28T14:18:22;2023-04-29T09:23:24;OK;Nebraska;Progressive Towels redundant;leading-edge;false;95611;88483
2;2023-04-28T20:48:11;2023-04-28T12:41:13;NOK;Avon systems Dakota;Borders Ergonomic;Handmade Bhutanese Directives;true;53863;49329
3;2023-04-29T09:18:33;2023-04-29T02:48:37;OK;Peso deposit;Ball RSS;intranet synthesize pixel;true;17541;18720
4;2023-04-28T18:58:59;2023-04-28T14:57:23;NOK;bypassing;Savings;Namibia;true;1583;97128
5;2023-04-28T19:21:00;2023-04-29T02:24:52;INPROGRESS;Analyst;Future;open bypass Buckinghamshire;false;30017;61560
6;2023-04-29T07:11:42;2023-04-28T15:46:10;OK;Uganda;withdrawal override Account;Arkansas Granite hack;false;42490;43639
7;2023-04-29T10:57:32;2023-04-28T12:54:59;OK;Savings hacking;Wisconsin Investment;Isle portals;false;51401;68054
8;2023-04-28T13:31:37;2023-04-29T10:20:34;OK;Pound Infrastructure;strategic payment;Cheese;true;99124;53451
9;2023-04-28T12:35:37;2023-04-28T17:52:14;OK;Dynamic Marketing;Secured Sleek green;Granite;false;32526;45250
10;2023-04-28T20:27:50;2023-04-29T10:15:31;NOK;neural;enable;Facilitator cohesive needs-based;false;13881;35947
